author,text,hashtags,likes,retweets,replies,views,created_at,url
녹름 (반동결),"다비군~
하잇 나니가 스키 ~?
오마에 보다 엔 • 데• 버",,0,0,0,0,2025-05-27T14:42:04.000Z,https://x.com/nokrm_/status/1927374751967698959
씨덕,씨엔블루  나니가 스키,,0,0,0,0,2025-06-01T12:24:49.000Z,https://x.com/ssideok/status/1929152151718445249
blu,나니가 스키 ? 돌넨!,,0,0,0,0,2025-05-31T01:30:15.000Z,https://x.com/theseoknen/status/1928625037734469865
·,"아유무쨩~ 나니가 스키 ?               나,  니 가 스키 .",,0,0,0,0,2025-06-02T15:01:26.000Z,https://x.com/_wildslug_/status/1929553952917402077
공주 ❥𓂃𓏧,송찬의 착한 이유...  나니가 스키  진짜 찍기 싫었다면서 미리 말해줬으면 반팔로 입고 왔을 텐데 이러네 ㅋㅋㅋ 안 찍는 게 아니고 그냥 겨 보호라도 해달라는 게 ㅈㅉ 웃기다,,0,0,0,0,2025-06-04T02:55:04.000Z,https://x.com/gongjoo_V4/status/1930095931309076713
아일,"이 사진은.... 나니가 스키 ? 시작 전인데...ㅋㅋ
무대인사 나온 배우 같은 느낌? #재준 #JAEJUN #인어미닛 #InAMinute","#재준,#JAEJUN,#인어미닛,#InAMinute",0,0,0,0,2025-06-04T03:15:50.000Z,https://x.com/I_I_LL_/status/1930101158120698219
믈 ムール,나토리쨩 ~ 하잇 ~ !  나니가 스키 ?,,0,0,0,0,2025-05-29T16:58:19.000Z,https://x.com/yakitoriumai_/status/1928133817652629892
소냐,카프카군~ 나니가 스키 ?                     나  니 가 스키,,0,0,0,0,2025-06-04T12:58:00.000Z,https://x.com/Sonya0703/status/1930247664064692245
만두,"노무사노무진 시청률 5% 공약  나니가 스키  챌린지
그리고  나니가 스키 가  뭔지도 모르고 하겠다고 해버린 정경호… 다 아는데 정경호만 몰라ㅋㅋㅋㅋ 정말 상상도 못한 조합",,0,0,0,0,2025-05-27T13:27:22.000Z,https://x.com/83mandoo/status/1927355952027623570
xx,ㅋㅋㅋㅋㅋㅋㅋ아현이  나니가 스키  좋아하는 거 너무 투명한 아가여서 귀여븜,,0,0,0,0,2025-06-04T14:04:03.000Z,https://x.com/dkgus0411/status/1930264285990568148
duu,"나니가 스키  챌린지를 마친 앤톤: 250531 라이즈 음중 미니팬미팅

아진짜불미스러운일
라이즈 나니가스키 챌린지도 소리가 다 날라갓어요…",,0,0,0,0,2025-05-31T03:24:16.000Z,https://x.com/duu0321/status/1928653727784710532
묘아,: 건학쨩~~  나니가 스키 ~ : 이두박근 요리모 아나타~,,0,0,0,0,2025-06-04T10:33:12.000Z,https://x.com/myo_niamoon/status/1930211226317140409
따롱픽시講齊,"나는
시간이 많은 시간부자였을 뿐이고
아치 가  독을 먼저 뿌렸을 뿐이고

향아치 -  나니가 스키 (발라드 ver.)",,0,0,0,0,2025-06-01T12:00:27.000Z,https://x.com/PPixiy_v8/status/1929146019557892421
샌쨩,성쇼  나니가 스키,,0,0,0,0,2025-05-31T01:18:29.000Z,https://x.com/saenzzang/status/1928622077273129295
양념,"라이즈 단체  나니가 스키  말아주세요 콘서트 뭐 개인무대요? 
하든 안 하든 상관 없는데요
할 거면

앤톤 몸매
송은석 프리티 걸
정성찬 섹시러브

해 주세요.",,0,0,0,0,2025-05-30T08:46:20.000Z,https://x.com/riize_13/status/1928372391153127828
힝꾸,와 진짜 갓꾸 실화냐 나니가 스키  발라드 버전 챌린지 하는데 이렇게 예쁠 일이야?,,0,0,0,0,2025-06-04T07:12:13.000Z,https://x.com/ahloversclub/status/1930160646139851230
duu!,ㅁㅊ ㅋㅋㅋㅋㅋㅋ 라이즈 단체로  나니가 스키  챌린지,,0,0,0,0,2025-05-31T14:13:26.000Z,https://x.com/il0vestone/status/1928817097859101130
키키,라이즈  나니가 스키  챌린지다,,0,0,0,0,2025-05-31T14:04:31.000Z,https://x.com/kittyboyda/status/1928814855357866400
도다,나니가 스키  용버전,,0,0,0,0,2025-06-02T12:59:46.000Z,https://x.com/Dodaa_622/status/1929523332828824000
머핍,곰곰냥냥  나니가 스키 이렇게 셋이 루비쨩인게 진짜진짜 행복해..,,0,0,0,0,2025-06-01T09:50:04.000Z,https://x.com/mufibb/status/1929113207001506196
이브,250531 석과비니  나니가 스키 ?  #원빈 #라이즈,"#원빈,#라이즈",0,0,0,0,2025-05-31T01:17:51.000Z,https://x.com/minusoneb/status/1928621916975247529
만두,나니가 스키,,0,0,0,0,2025-05-29T15:03:37.000Z,https://x.com/mandu_rei/status/1928104950682276128
쿠리쿠리,ㅇㅏ 엯시  나니가 스키  경력자들은 다르다,,0,0,0,0,2025-05-28T09:43:56.000Z,https://x.com/kurinyom/status/1927662110416289890
pɑm ♡ 진 ·,우스  나니가 스키 ? (틱톡은 기세),,0,0,0,0,2025-06-03T22:13:09.000Z,https://x.com/Y211J/status/1930024984388252044
·,"하 정아현  나니가 스키  실화인가
너무 좋아 ",,0,0,0,0,2025-06-04T07:04:18.000Z,https://x.com/ahyeonajebal/status/1930158655657390158
유나니엘,250603  나니가 스키  발라드ver #니엘 #NIEL,"#니엘,#NIEL",0,0,0,0,2025-06-03T11:42:26.000Z,https://x.com/_yunaniel/status/1929866260726050887
잏른 아카이브,나니가 스키 ~¿,,0,0,0,0,2025-06-01T10:08:02.000Z,https://x.com/right_lh/status/1929117728054387147
코코넛,나니가 스키  숑쇼 버전을 진짜 해주네,,0,0,0,0,2025-05-31T01:41:28.000Z,https://x.com/kokone2345/status/1928627861046317297
래쳐,히숕  나니가 스키,,0,0,0,0,2025-05-31T14:30:39.000Z,https://x.com/ratchersk/status/1928821430369546586
ford ໒꒱࿐,"250528 소어 타임스퀘어 밋앤그릿 #도영 #DOYOUNG 도영  나니가 스키  챌린지!!ㅜㅋㅋㅋ
초코민토 요리모 아.나.타","#도영,#DOYOUNG",0,0,0,0,2025-05-28T11:43:53.000Z,https://x.com/dozsberry/status/1927692299477107133
·,라이즈  나니가 스키  실화야?,,0,0,0,0,2025-05-31T14:06:34.000Z,https://x.com/1b_star/status/1928815370489704898
春,"나쁜놈들 マイセカイ 情報 6月のマイセカイミッションパスでは、
新シリーズとして期間限定メンバーのヘアスタイル・衣装を着た『リミテッドスタイル vol.1』ぬいぐるみの設計図が、全6キャラクター分登場します",,0,0,0,0,2025-05-28T11:37:17.000Z,https://x.com/boooom_0515/status/1927690635974226391
·,아  나니가 스키 앤톤 순서 다가오니까 오토케오토케하다 가  아기웃음했다가 부끄러워서 저 큰 몸을 잔뜩 움츠려서 소희한테 계속 기대려고 하는 모든 요소 하나하나 가  다 사랑스러워ㅜㅜ♡,,0,0,0,0,2025-05-31T03:21:38.000Z,https://x.com/shining_movie/status/1928653065286217890
espacio,인어미닛  나니가 스키  챌린지  #InAMinute #인어미닛 #재준 #준태 #현엽,"#InAMinute,#인어미닛,#재준,#준태,#현엽",0,0,0,0,2025-06-03T14:17:09.000Z,https://x.com/espacio_925/status/1929905195133317319
이천삼,"ㅈH명짱~?
하잇!! 나니가 스키 ~?
초코쉬폰요리모아.낫.타. 이재명 블로그 초코쉬폰만들기 아시는분   x.com/kyowado/status…",,0,0,0,0,2025-06-04T03:13:23.000Z,https://x.com/echeonsam/status/1930100542925353269
사칠쨩하이나니가스키초코민또요리모햠스터,ㄹㅇ 존나 여혐이세요 걍 노래 ㅂㄹ인거랑 별개로 미국에서 여연이 픽시컷 시기에 특히나 조롱 많이 당한다는 이론 어디서 봤는데 한국도 그런 가보네 ㅈㅅㅇ 왤케 조롱함 x.com/nyangzoop/stat…,,0,0,0,0,2025-05-27T17:01:31.000Z,https://x.com/04720665c/status/1927409847382737392
빈밤,250531 라이즈 음중 미팬  #원빈 #은석 석과비니  나니가 스키  챌린지,"#원빈,#은석",0,0,0,0,2025-05-31T03:01:15.000Z,https://x.com/binnyangeee/status/1928647939398000882
16,"이케로  나니가 스키 완성하면 유행끝날것같아서 러프로,,
재미로만 봐주시길ㅎㅎ",,0,0,0,0,2025-06-02T02:13:33.000Z,https://x.com/16_AndLife/status/1929360710925955443
꼬난,"아니 넘 상큼하잖아
료쨩~~
                                                   하~이~ 나니가 스키 ~~?",,0,0,0,0,2025-06-03T08:15:34.000Z,https://x.com/kkonan_mga/status/1929814200655999403
6청코양일/웅잉짱하이나니가스키초코민토요리모사짱초카와이웅웅웅웅웅웅웅웅웅잉후르,"비슷한얘기옾챗방에서했었던것같은데,,
정말
정말뭐지 ◤『カリスマガンボ』から
   「 #カリスマ温泉郷 #カリスマ温泉郷 」   6/11(水)先行配信決定 ◢

風呂キャンすんなよーって歌です！
嘘です！
ほんとはどんな曲なのか6/11(水)の配信開始をお楽しみに","#カリスマ温泉郷,#カリスマ温泉郷",0,0,0,0,2025-06-04T10:27:14.000Z,https://x.com/JJellYFisH_326/status/1930209724424958234
러밍,"민규쨩 나니가 스키 ~
초코민트보다헤드라이너",,0,0,0,0,2025-05-27T01:58:11.000Z,https://x.com/love4_mg/status/1927182514260496729
타로타로롱,"나니가 스키 챌린지 제대로 말아오신거
개커여워죽겠다ㅋㅋㅋㅋㅋㅋㅋㅋ",,0,0,0,0,2025-06-01T02:02:41.000Z,https://x.com/tarotaror0ng/status/1928995588563153383
¾,250604  나니가 스키  원어스   버전,,0,0,0,0,2025-06-04T10:48:16.000Z,https://x.com/3h4_us/status/1930215019532427288
나짱♡i,리쿠 리마  나니가 스키 ♡,,0,0,0,0,2025-05-26T10:40:20.000Z,https://x.com/rikunotameni/status/1926951531162517795
사칠쨩하이나니가스키초코민또요리모햠스터,헐 난 지금껏 둘이 다른 브랜든줄 알앗음 ㄴㅁ안타까움   x.com/whaattee/statu…,,0,0,0,0,2025-05-30T10:14:07.000Z,https://x.com/04720665c/status/1928394485236469857
꾸밍,팬한테  나니가 스키  시키는 아이돌 #더윈드 #TheWind #김희수 #KIMHEESOO,"#더윈드,#TheWind,#김희수,#KIMHEESOO",0,0,0,0,2025-06-04T12:05:19.000Z,https://x.com/l0ving_w/status/1930234407572648395
닝오,얘들아 계냥님  나니가 스키 왔다,,0,0,0,0,2025-05-26T11:56:23.000Z,https://x.com/zlxnxnx/status/1926970669553566156
다죽쟈,해민쨩  나니가 스키 바가지가 너무 새요 어떡해요....,,0,0,0,0,2025-05-29T12:14:01.000Z,https://x.com/ekwnrwi/status/1928062270896247253
설이명언봇,"왜안해줫어요근데
배쿠짱  나니가 스키  왜안해줫냐고요
다 알면서,",,0,0,0,0,2025-06-03T14:29:38.000Z,https://x.com/Imyourdelight/status/1929908338533502993
베베,ㅁㅊ 라이즈  나니가 스키  믿고잇엇다구여,,0,0,0,0,2025-05-31T14:03:05.000Z,https://x.com/antonbabyyy/status/1928814493313745264
메인트 계옮 백은효,"유한짱~
하이! 나니가 스키 ~?
한요안!
요리모 백 은 효 !!!!!!!!! @B_EH__ @B_EH__   ‘그 장면’",,0,0,0,0,2025-05-30T02:43:42.000Z,https://x.com/B_EH__/status/1928281134195945607
사칠쨩하이나니가스키초코민또요리모햠스터,ㅆㅂ 너무웃김 똥구멍: 으아아 나이가 너무 맛있어 x.com/nowyeosi/statu…,,0,0,0,0,2025-05-26T09:00:44.000Z,https://x.com/04720665c/status/1926926463976018051
키티*,"아니진짜어이 가 없네
세즈도 피해갈수없는 루비짱  나니가 스키 근데 세즈 가  진짜로소리질르고 버키도 소리질름ㅠㅠ 꼭보세요..",,0,0,0,0,2025-05-26T15:26:44.000Z,https://x.com/kittyS2soldier/status/1927023604085977292
h,"더비쨩~
하이! 나니가 스키 ?
간장게~장!
요리모아나타!
서누쨩~
하이- 나니가 스키 !
스트로베리므플레이브르베르므
요리모
아 나 타 ♡",,0,0,0,0,2025-05-30T14:27:12.000Z,https://x.com/hnunuro/status/1928458174417309838
사칠쨩하이나니가스키초코민또요리모햠스터,임신햇으면 쉬어야하 니 까 임신 중인 기자를 처음 티비에서 봤고 이런 모습을 왜 지금껏 보지 못했는지가 이상함,,0,0,0,0,2025-05-31T03:06:29.000Z,https://x.com/04720665c/status/1928649255738126747
사칠쨩하이나니가스키초코민또요리모햠스터,"뢰알 뇌빠개졌냐 비교할걸비교해야지 근데 정당 중에 논란 없는 정당이 있나? 타로 망빙 정도면 타 정당들 사이비 논란, 성비위 논란, 성상납 논란, 성매수 논란, 친일 논란에 비해선 양반 아닌가....
타로 망빙은 죽일 년들 취급이면서 거대양당의 비윤리적인 논란은 흐린눈하는 게 신기함 x.com/haponenine/sta…",,0,0,0,0,2025-05-26T07:17:58.000Z,https://x.com/04720665c/status/1926900601662669271
돌리팝,"250531 음중 미니팬미팅
미친 석과비니  나니가 스키  챌린지 ㅋㅋㅋㅋㅋㅋㅋㅋㅋㅋㅋㅋㅋㅋㅋ #은석 #원빈","#은석,#원빈",0,0,0,0,2025-05-31T01:21:02.000Z,https://x.com/silver_stone_es/status/1928622715205783839
꼼이,운학이한테 애교 보여달라니까  나니가 스키  자동 재생됨 개귀여워ㅜㅜㅋㅋㅋㅋㅋㅋㅋㅋㅋㅋㅋㅋㅋㅋㅋㅋㅋㅋㅋㅋㅋㅋㅋㅋㅋㅋㅋㅋㅋㅋㅋㅋㅋㅋㅋㅋㅋㅋㅋㅋㅋㅋㅋㅋㅋㅋㅋㅋㅋㅋㅋㅋㅋㅋㅋㅋㅋㅋㅋㅋㅋㅋㅋ,,0,0,0,0,2025-05-24T03:11:31.000Z,https://x.com/woonhakfan/status/1926113806964384067
바공빙,다각도  나니가 스키  감사함미다,,0,0,0,0,2025-05-31T01:56:02.000Z,https://x.com/wb_riize/status/1928631526931181735
츄바 in日本,"20250531
츄바짱~ 
하이!  나니가 스키 ?
초코민트 요리모 루바짱 초코민트파르페  와 푸딩  따끈한 음료 먹으며 데이트 중 비 가  그쳐서 다행이야",,0,0,0,0,2025-05-31T07:53:21.000Z,https://x.com/chuba_japan/status/1928721446148473270
DLeon,@ :  나니가 스키 ~?,,0,0,0,0,2025-05-28T01:33:08.000Z,https://x.com/FF14_DLeon_/status/1927538597244363141
사칠쨩하이나니가스키초코민또요리모햠스터,씨발 그러면 피해자는 당연히 공론화하지 가해자 가  씹새끼인건데 이걸 피해자를 고소한다고?? 제작사 어디야  https:// /monomonoya61/status/1926345407648407775 …,,0,0,0,0,2025-05-26T07:20:30.000Z,https://x.com/04720665c/status/1926901241512129016
베짱이໒꒱,"갑자기 일본 밴드들 노래를 듣고 있음 
이유: 일본 노래 최신곡 중에 아는게  나니가 스키  뿐이라는 것에 충격 먹음",,0,0,0,0,2025-05-29T09:27:55.000Z,https://x.com/be_zzang/status/1928020470776959487
rock..,ㅅㅂ  나니가 스키 때문에깊생하는거진짜웃겨서,,0,0,0,0,2025-05-31T14:31:44.000Z,https://x.com/rock_n_dol/status/1928821704924725611
버튼,"250531 쇼음중 미니팬미팅

석과비니 나니가 스키 +Bo peep Bo peep 삐니랑 은서기랑 너무 ㄱㅇㅇ... 

4k로 봐주세요 #원빈 #은석 #석과비니","#원빈,#은석,#석과비니",0,0,0,0,2025-06-01T15:49:52.000Z,https://x.com/button_0319/status/1929203755012206771
아디,또토리  나니가 스키  너무귀여운데 제대로 찍어서 올려주길 발해요~.....,,0,0,0,0,2025-05-31T01:24:05.000Z,https://x.com/antonitini_/status/1928623482734260309
맹,ㅅㅂ 라이즈  나니가 스키  챌린지,,0,0,0,0,2025-05-31T14:01:45.000Z,https://x.com/BBeeni_/status/1928814157140291915
·,"태...태산이형 해달라고요? 태산쨩~~ 하이~ 나니가 스키 ? 초코민또 요리모 아나타...

아 니  하고 나고 부끄탯됨ㅋㅋㅋㅋㅋㅋㅋㅋㅋㅋㅋ하 존귀",,0,0,0,0,2025-05-24T03:20:31.000Z,https://x.com/mxxgcheong/status/1926116069804007652
·,나니가 스키  이거 멤버 캐해 너무 잘 됨,,0,0,0,0,2025-05-31T14:06:31.000Z,https://x.com/rockvibeonly/status/1928815358494089374
체크,"ㅁㅊ 우붐  나니가 스키  왔다!!!
근데 중간 코끼리 소리 뭐예요?
이 버전 진짜 처음 봄ㅋㅋㅋㅋㅋㅋ",,0,0,0,0,2025-05-30T10:28:17.000Z,https://x.com/seeeee_00_/status/1928398047962378312
먐,원빈 은석  나니가 스키  챌린지 ,,0,0,0,0,2025-05-31T01:19:35.000Z,https://x.com/1bbinsama302/status/1928622350636908884
레피몬치,250531 ㅇㅇㅈㅅ ㅁㅍ 나니가 스키,,0,0,0,0,2025-05-31T06:13:42.000Z,https://x.com/lepeamonch/status/1928696368257753499
잔,"아... 삔생긴 아이돌 짱

원빈짱~?
하이- 나니가 스키 ~?",,0,0,0,0,2025-05-31T14:33:56.000Z,https://x.com/W__JAN/status/1928822255687184424
피아,퍼핑짱~  나니가 스키 ~?,,0,0,0,0,2025-06-01T17:40:56.000Z,https://x.com/pingmankun/status/1929231705946128578
돌넨 아카이브,250531 미니팬미팅 나니가 스키,,0,0,0,0,2025-05-31T01:22:28.000Z,https://x.com/0319x0302/status/1928623077878841384
·,마레님의 향아치 마레플로스 유콘  나니가 스키  비하인드,,0,0,0,0,2025-06-01T11:16:47.000Z,https://x.com/H3Asf/status/1929135028665041128
·,250531 라이즈 미팬  나니가 스키  Full ver. #쇼타로 #SHOTARO #성찬 #SUNGCHAN #ショウタロウ #ソンチャン #성쇼,"#쇼타로,#SHOTARO,#성찬,#SUNGCHAN,#ショウタロウ,#ソンチャン,#성쇼",0,0,0,0,2025-06-01T16:06:18.000Z,https://x.com/rlfekrlfdj/status/1929207888897273907
n.SSign(엔싸인),"[ #TikTok ]  

[n.SSnack ]  나니가 스키 ~ (근데 이제 좀 많이 감미로운...‐☆) https:// https:// #nSSign #엔싸인 #도하 #카즈타 #한준 #로렌스 #DOHA #KAZUTA #HANJUN #LAURENCE #나니가스키","#TikTok,#nSSign,#엔싸인,#도하,#카즈타,#한준,#로렌스,#DOHA,#KAZUTA,#HANJUN,#LAURENCE,#나니가스키",1009,432,13,38955,2025-05-31T09:05:37.000Z,https://x.com/nSSign_official/status/1928739634047074719
앙,라이즈  나니가 스키,,0,0,0,0,2025-05-31T14:13:40.000Z,https://x.com/angantonton/status/1928817158261289025
·,"나니가 스키 귀엽기만 하면 안되나요
상하이
장하오 챌린지
그날이 오면
이라이라챌린지
베이비 챌린지 Bts 돌아오면 숏폼제작팀이 제발 트렌드좀 잘반영해주시면 좋겠음 예전 틱톡처럼 500년이 지나도인류가이해못할영상 만들지마시고",,0,0,0,0,2025-06-01T13:21:06.000Z,https://x.com/ddalgig/status/1929166317652939199
이주님,"250526 킥플립 쇼케이스  #케이주  

케이주짱~♡  나니가 스키 ~?♡",#케이주,0,0,0,0,2025-05-26T16:18:50.000Z,https://x.com/ijunim/status/1927036717166469355
김왈왈 화이트,나니가 스키 ~?,,0,0,0,0,2025-06-04T15:16:46.000Z,https://x.com/kim_wal_wal_/status/1930282586963882170
이유안,"하이~  나니가 스키 초코민또 요리모 나나미짱(?) 츠 츠 츠 츠 츠 츠 츠 츠 츠 츠 츠 츠 츠 츠 츠 츠 츠 츠 츠 츠 츠 츠 츠 츠 츠 츠 츠 츠 츠 츠 츠 츠 츠 츠 츠 츠 츠 츠 츠 츠 츠 

-

-

-

-

짱",,0,0,0,0,2025-06-01T11:08:56.000Z,https://x.com/iiyouan2/status/1929133054544486612
울 ˚₊·—̳͟͞͞♡,"250531 음중 미니팬미팅 미팬 라이즈

단체  나니가 스키  챌린지 2차

또다시얼레벌레시작된챌린지
안들려서 우왕좌왕한것치고는 은석 원빈 스트로베리 성공
앤톤 소희는 '노래 가 작다면내 가 크게부른다' 스킬을 사용하셧어요

마지막에
은석: '아,, 엉망진창이 됏습니다,,,'

괜차나요즐거웟어요",,0,0,0,0,2025-05-31T03:37:50.000Z,https://x.com/ul_bubble/status/1928657144162783612
높향,#BreakerBoro 보로 쨩~  나니가 스키 ~?,#BreakerBoro,0,0,0,0,2025-05-30T08:33:51.000Z,https://x.com/akruditas/status/1928369252689461566
점팔,쿠마쨩~ 하이~ 나니가 스키 ~ 초코민또 요리모  니 대가리~,,0,0,0,0,2025-06-04T12:06:28.000Z,https://x.com/jnp0818/status/1930234698644762809
냐냐にゃにゃ,"나니가 스키 ㅡ? 해주는거 귀여움  #nyanyaclips 나 수박 못 먹으니까 치우고, 사과도 별로 안 좋아하니까.. 과일 못 먹는거 많지 않아? 망고 포도 복숭아 말고 좋아하는 과일 없을지도 몰라. 그리고 키위 나니가스키ㅡ? ㅋ..방금 말했잖아요. 혹시 과일 이름을 모르시는",#nyanyaclips,0,0,0,0,2025-05-26T18:06:03.000Z,https://x.com/nijinyann/status/1927063700617285831
KIN,나니가 스키  ?! ,,0,0,0,0,2025-06-03T14:25:24.000Z,https://x.com/amugonamagumogo/status/1929907272291102890
한국e스포츠협회 (KeSPA),"[2025 LCK AS 상반기 아카데미 리그] 챔피언 세리머니

“ 나니가 스키 ?”
“가장 좋은 건 당연히… kt Rolster Academy~!”

우승의 기쁨을 고스란히 담아낸
kt Rolster Academy의 ‘ 나니가 스키  챌린지’, 지금 릴스에서 확인해보세요",,0,0,0,0,2025-06-02T09:41:27.000Z,https://x.com/kespa/status/1929473428790112708
벼라기,또토리쨩~  나니가 스키,,0,0,0,0,2025-06-01T08:25:29.000Z,https://x.com/qufkr0321/status/1929091919734268005
사칠쨩하이나니가스키초코민또요리모햠스터,않이 님 개무서워요 헉 인기가 많길래.. 제 컴터 배경화면이에요,,0,0,0,0,2025-06-03T06:31:28.000Z,https://x.com/04720665c/status/1929788003754693097
계,"아진짜 볼수록웃기네
용옵 작정한 sexy rockstar 헤메코 하셔놓고
욘화쨩-! 하이-!  나니가 스키 ? 스토로베리후레이바 요리모 아•나•따  하 스발 너무욱기다고요ㅠㅜ 이게 뭐얔ㅋㅋㅋㅋㅋㅋㅋㅋㅋㅋㅋㅋㅋㅋㅋㅋㅋㅋㅋㅋㅋㅋㅋㅋㅋㅋㅋㅋㅋㅋㅋㅋㅋㅋㅋㅋㅋㅋㅋㅋㅋㅋㅋㅋㅋㅋㅋㅋㅋㅋㅋㅋㅋㅋㅋㅋㅋㅋㅋㅋㅋㅋㅋㅋㅋㅋㅋㅋㅋㅋㅋㅋㅋㅋㅋㅋㅋㅋㅋㅋㅋㅋㅋㅋㅋㅋㅋㅋㅋ",,0,0,0,0,2025-06-01T13:24:47.000Z,https://x.com/always_boice/status/1929167242870091863
칩,"더비쨩~~ 하이~~  나니가 스키 ~ 간장게장~~요리모아나따
선우짱~~ 하이~~  나니가 스키  ~~~",,0,0,0,0,2025-05-30T14:23:30.000Z,https://x.com/luvszun/status/1928457241486573794
ᴷᴴ러은별,뭔가  나니가 스키  포즈 같다 𝜗𝜚˚⋆ ⋆.˚⊹⁺    #지천 #지천,"#지천,#지천",0,0,0,0,2025-05-29T14:50:49.000Z,https://x.com/KHMusicstar/status/1928101731772117475
사칠쨩하이나니가스키초코민또요리모햠스터,지랄마  https:// /notuntilday/status/1926964870882160916 …,,0,0,0,0,2025-05-27T09:42:50.000Z,https://x.com/04720665c/status/1927299447798571174
ᐛ,거의 뭐  나니가 스키 챌 #박지훈 #박지훈 #parkjihoon #parkjihoon  210823 영상통화 후기 출석체크 하는 중!!! 고영수 공주영 여준 박지훈 ~취향따라 골라~,"#박지훈,#박지훈,#parkjihoon,#parkjihoon",0,0,0,0,2025-05-26T00:50:51.000Z,https://x.com/rabbitisjihoon/status/1926803180337139822
초5단,"조매력 : 닌닌상~  : 하이~
조매력 :  나니가 스키 ~  : 초코민토 요리모 아나타~
조매력,   : ㅋㅋㅋㅋㅋㅋㅋㅋ",,0,0,0,0,2025-06-03T12:16:39.000Z,https://x.com/ch5danforwakta/status/1929874873738055806
사칠쨩하이나니가스키초코민또요리모햠스터,"헐 난 내 가 살아생전에 세상이 완전 뜯어고쳐질거라는 생각 자체를 못했는데 사실 여성들도 남성중심사회에 불만이 있는게 아니라 온정가부장 로판남주가 없는게 불만인 사람들이 태반이라.........
여성주의 미래가 어둡고 정말 솔직하게 생각을 말하자면 이미 우리 세대는 이변이 안일어나는 이상 거의 끝났고 다음 물결을 기대하는 수밖에 없다고 생각함",,0,0,0,0,2025-05-26T08:33:01.000Z,https://x.com/04720665c/status/1926919490467414448
방울,나니가 스키 ?,,0,0,0,0,2025-06-01T09:07:09.000Z,https://x.com/nonosin54/status/1929102406219907296
·,"룬쨩~~~
하~~~잇 나니가 스키 ~~~~~~

녹차맛.",,0,0,0,0,2025-05-30T09:48:49.000Z,https://x.com/Enllune_SH/status/1928388115107856778
촠숭일,"#촠밥 덕평 마산아구 이천쌀밥 -여주맛집
       게장 존맛",#촠밥,0,0,0,0,2025-06-01T10:39:33.000Z,https://x.com/C12H22O11_nn/status/1929125658367603190
오보오보,나니가 스키 ~?,,0,0,0,0,2025-05-29T09:00:33.000Z,https://x.com/ohbo_ohbo/status/1928013581536075947
델토리,:  나니가 스키 ~ : 초코민토~ 요리모 아나타~! ㅋㅋㅋㅎ  #Tory_story,#Tory_story,0,0,0,0,2025-06-02T15:20:24.000Z,https://x.com/Dailytory_/status/1929558725494526312
Bini,나니가 스키  ♡  #성찬,#성찬,0,0,0,0,2025-05-31T01:19:16.000Z,https://x.com/binii913/status/1928622271469322690
talk…,석과비니  나니가 스키  !!,,0,0,0,0,2025-05-31T01:19:26.000Z,https://x.com/bbini_1/status/1928622315690143963
닌닌 아카이브,닌닌 상~ 하이~ 나니가 ~ 스키 ? 초코민토..ㅋㅋ요리모 아나타..ㅋㅋㅋㅋㅋ,,0,0,0,0,2025-06-03T13:55:34.000Z,https://x.com/NIN_NIN_Archive/status/1929899765896286307
아랑,"250531 음중 미팬  #은석 #원빈  
석과비니  나니가 스키 ♡
원빈이 하이!하면서 발 드는거 진짜 너무 ㄱㅇㅇ","#은석,#원빈",0,0,0,0,2025-05-31T03:42:45.000Z,https://x.com/bean1bini/status/1928658380609999055
랑,호랑즈  나니가 스키  리믹스 머임 ㅋㅋㅋㅋㅋ큐ㅠ,,0,0,0,0,2025-05-28T21:34:38.000Z,https://x.com/ti9erY/status/1927840967878463605
달래,도대체  나니가 스키  해야겠다는 건 뭘 하겠다는 건지 감도 안 옴,,0,0,0,0,2025-05-25T14:24:35.000Z,https://x.com/LOLdalrae/status/1926645575283286102
𝒉𝒆𝒚𝒊𝒕𝒔𝒀𝑼,"250602 앤팀 대면 팬싸 나니가 스키  듣고 기절한
하루아
andTEAM  #HARUA",#HARUA,0,0,0,0,2025-06-03T00:45:25.000Z,https://x.com/itsyuro27/status/1929700918234436098
나난nanan2,재쥰  나니가 스키,,0,0,0,0,2025-05-31T11:19:32.000Z,https://x.com/nanan2_twt/status/1928773333136359602
cherry..,라이즈  나니가 스키  왔다 ㅋㅋㅋㅋㅋㅋㅋㅋㅋㅋㅋㅋㅋ,,0,0,0,0,2025-05-31T14:01:13.000Z,https://x.com/chrryever/status/1928814025262977475
...,"사쿠야  나니가 스키  발라드 버전 릴스
2초쯤에 하이<<하고 손드는거
쥰~~나 사춘기남자애같아서 개웃기다",,0,0,0,0,2025-05-31T13:59:49.000Z,https://x.com/mylittlecaat/status/1928813670345150631
우름이,나니가 스키  유행 다 끝났는데 우리담임들 이제 들어온거 개웃겨,,0,0,0,0,2025-05-31T14:04:42.000Z,https://x.com/uourme/status/1928814901906026655
타이니리,250531 인어미닛 일본팬미1부 나니가 스키  챌린지 #인어미닛 #inaminute #재준 #준태 #현엽,"#인어미닛,#inaminute,#재준,#준태,#현엽",0,0,0,0,2025-06-03T11:21:15.000Z,https://x.com/tinnyri/status/1929860928641937476
pindori. (fan acc),250528 ASEA 떠누짱~~♡♡♡ 나니가 스키 ???♡♡ #ENHYPEN #엔하이픈 #선우 #SUNOO,"#ENHYPEN,#엔하이픈,#선우,#SUNOO",0,0,0,0,2025-05-28T12:14:42.000Z,https://x.com/Pindori0624/status/1927700055319855196
hyped,250531 석과비니  나니가 스키  ♡  #은석 #EUNSEOK #RIIZE,"#은석,#EUNSEOK,#RIIZE",0,0,0,0,2025-05-31T01:26:51.000Z,https://x.com/hyped0319/status/1928624181928734868
✶,250531 음중 미팬  #원빈 #은석 석과비니  나니가 스키,"#원빈,#은석",0,0,0,0,2025-05-31T02:55:40.000Z,https://x.com/1binitar/status/1928646531600756879
사칠쨩하이나니가스키초코민또요리모햠스터,페미스피커 가  고마운존재인건 맞는데 항상 바르고 완전무결한 사람인건 아니야 스스로 생각할줄 알아야해 그리고 왜 완전무결하지 않느냐고 잡도리하지도 마 무효표 던지자는 페미 스피커 말 듣는 멍청한 여성들이 없었으면 좋겠음 x.com/9chan6w6/statu…,,0,0,0,0,2025-05-26T07:39:36.000Z,https://x.com/04720665c/status/1926906048926929296
.◜ㅇ◝,250525 nct dream aiscream challenge  나니가 스키 ~? #JENO #제노 #NCT제노,"#JENO,#제노,#NCT제노",0,0,0,0,2025-05-25T15:36:42.000Z,https://x.com/423folder/status/1926663725601243562
행운아자왕,"둠랜든짱~
하이~ 나니가 스키 ~
라르곤.

라르곤짱~
하이~ 나니가 스키 ~
으음... 쑥버무리(not트친)보다도 브랜든! 풀랜든짱~
하이~
나니가스키~
역시 무엇보다 나의 백성들의 안정이며, 세상의 평화이고, 모두가 무탈한 일상을 보내는 하루이며, 그 이가 더 이상 힘들 일 없이 행복하며, 오두막에 옛 동료들이 찾아오는 것이죠.",,0,0,0,0,2025-05-31T13:50:08.000Z,https://x.com/vAraeAv/status/1928811232909222046
림,정신쨩~~  나니가 스키  >♡<,,0,0,0,0,2025-06-01T12:36:18.000Z,https://x.com/jungshincharim/status/1929155040545239285
십새등장,아니그니까   오빠남친이름이  나니 인데   나니가 스키 챌린지를하시면어떡해요..ㅠㅠㅠㅠ,,0,0,0,0,2025-06-03T10:41:31.000Z,https://x.com/sadamenino/status/1929850930004218231
ddo_dong *ˢˡᵒʷ,이해찬  나니가 스키  커욤띠기 장면 모음 #해찬이와시즈니,#해찬이와시즈니,0,0,0,0,2025-05-25T14:13:00.000Z,https://x.com/ddodonghyeok/status/1926642663714857116
이마크.mp4,나니가 스키  챌린지  #마크,#마크,0,0,0,0,2025-05-25T13:14:20.000Z,https://x.com/MKlee_mp4/status/1926627898284298629
숑톤 아카이브,"250531 인스타

숑톤  나니가 스키  챌린지",,0,0,0,0,2025-05-31T14:12:57.000Z,https://x.com/0913x0321_/status/1928816977155645445
이시,250531 석과비니  나니가 스키,,0,0,0,0,2025-05-31T02:50:33.000Z,https://x.com/3unnrock/status/1928645243286503617
만듀..,이런 생김새로 한빈짱 나니가 스키  듣자마자 다른사람들다있는데서 초코민또요리모아나타♡   하는 초미남 ㅈㄴ너무 귀하다. .  귀한정도 가 말도못함,,0,0,0,0,2025-06-01T13:10:04.000Z,https://x.com/swlitkitty/status/1929163538402300137
콩..,"왤케웃김  
ㅈㄴ얼레벌레  나니가 스키",,0,0,0,0,2025-05-31T03:28:03.000Z,https://x.com/Ddayizzz/status/1928654680881545604
도다,씨엔블루도  나니가 스키 했다~!!,,0,0,0,0,2025-06-01T12:30:49.000Z,https://x.com/Dodaa_622/status/1929153660484788433
랑이,"#Hr_ONAIR 나니가 스키  ~ 하루쨩 ㆍㆍ
애교-)",#Hr_ONAIR,0,0,0,0,2025-06-03T12:59:07.000Z,https://x.com/langi_0913/status/1929885559281131849
클린,"#쇼타로 #성찬  250531 인스타 릴스

라이즈  나니가 스키","#쇼타로,#성찬",0,0,0,0,2025-05-31T14:03:55.000Z,https://x.com/clean_sungsho/status/1928814704312353131
✪ㅅ✪,넨석 이분들  미팬에서  아유무짱하트뿅뿅커욤스트로베리말다가 멤버별로다시캐해맞춰온   나니가 스키 에서는  시키짱파트맡아서  마지막에웃음기잔뜩빼고  시크한척한거대박웃기네  캐해감다살ㅇㅈ이야,,0,0,0,0,2025-05-31T18:31:11.000Z,https://x.com/saseseng/status/1928881963173118188
강한,"( 나니가 스키 요청받음) ... 리스쨩 해봐 리스쨩~ 하이~ 나니가 스키 ~? 쵸코민토~ 요리모 무 면 허 (상대이름)
(목소리 다르게 반복) 나니가 스키 ~? 그냥  니 가  좋아. just you.",,0,0,0,0,2025-06-01T16:49:48.000Z,https://x.com/kangHAN519/status/1929218837666210099
이룽,"250604 서호 인스타 라이브

서호의 감미로운  나니가 스키  챌린지(?)
건민쨩은 게임이랑 축구를 좋아해...
건학쨩은 이두박근...♡",,0,0,0,0,2025-06-04T10:35:32.000Z,https://x.com/to_Roong245/status/1930211814337589301
혠니,"이렇게 알찬  나니가 스키  처음 봐요
멜빵까지 입고 너무 커엽잖아",,0,0,0,0,2025-05-25T15:36:07.000Z,https://x.com/chanchanee66/status/1926663578238517337
잉,"10% 공약은 노무사노무진 막방 단관이래요  정경호님 마지막까지  나니가 스키  의심하시는거 너무웃김ㅈㅉ 노무사노무진 시청률 5% 넘기면 셋이서 나니가스키 챌린지 찍어올리겠다는데? 아제발.... 여러분들이제정말 노무사노무진을 안볼이유가없어요 경호님의 나니가스키를 보기 위해서라도, 노무사노무진을 시청하셔야돼....",,0,0,0,0,2025-05-27T11:19:47.000Z,https://x.com/ii__ing/status/1927323844089442677
평생 엔진이다(리엔,"성훈:  나니가 스키 정원: 초코민트요리모아나타

앙ㅠㅠㅠㅠㅠㅠ사랑이야ㅠㅠ #sunghoon #jungwon #성양 #태릉즈","#sunghoon,#jungwon,#성양,#태릉즈",0,0,0,0,2025-05-27T11:04:54.000Z,https://x.com/hoon_tiramisu/status/1927320099314167834
찐따전골,"아니아이스크림은누군가랑같이하면좀나을거같은데
일단
ㅈㄴ귀척짜내는목소리에
힘이너무만히들어가서
너무너무힏드러. 그리고나혼자루비쨩하이 나니가 스키 ㅇㅈㄹ하니까개헷갈려쓰발",,0,0,0,0,2025-05-26T13:51:40.000Z,https://x.com/Pis_St/status/1926999681642418605
사칠쨩하이나니가스키초코민또요리모햠스터,머리 이지랄ㅠㅠㅠㅠㅠㅠㅠㅠㅠㅠㅠ죽을래,,0,0,0,0,2025-05-30T09:13:17.000Z,https://x.com/04720665c/status/1928379175636767131
쌰,"아니 그리구 저번 라이브 너무 웃겼던 거
입술뚱쭝하다는 얘기 계속 신경 쓰면서 입술만쟉만쟉 하시다가,
고양이 그림자 저두 알아요 자랑했다가,
요즘 유행 잘 안다구  나니가 스키  부르셨다가,
또 입술만쟉만쟉 하시다가,
못 참고 립밤 챙기러 가셔서
날 버려버린거...
아진짜 남자애왤케웃겨",,0,0,0,0,2025-05-28T09:09:03.000Z,https://x.com/s_sssssya/status/1927653331767292005
라퓨,"현인상: 오타쿠쨩~~~? 하잇~~~!  나니가 스키 ~~~?

삼관경주

요리모

우마무스메 전..택시에 붙은 광고로 우무무를 처음 접했고
첫인상: 미친오타쿠놈들...<이었으며",,0,0,0,0,2025-05-26T10:34:28.000Z,https://x.com/uma_lapew/status/1926950051907039728
쬬！！,"딸기쨩~ 
하~이~~!!♡  나니가 스키 ~?
초코민또
요리모 
아 나 타! (yes 쬬)",,0,0,0,0,2025-06-03T04:56:04.000Z,https://x.com/ZzyoWow/status/1929763995134971994
6청코양일/웅잉짱하이나니가스키초코민토요리모사짱초카와이웅웅웅웅웅웅웅웅웅잉후르,"우리집개도저러는데....
집 가 서해줘야지♡ 사루같다",,0,0,0,0,2025-06-01T04:56:42.000Z,https://x.com/JJellYFisH_326/status/1929039377558073690
사해,"케이님이 ㅈㄴ멋지게 고인블에선 안경을 벗고 런와일드에서는 안경을 썻어 아......... 
르네짱 
하이  나니가 스키 초코민또요리모케이쿤",,0,0,0,0,2025-05-29T11:00:59.000Z,https://x.com/fromyourx9/status/1928043889849684092
시엘키오,"적어도 입은 솔직하네~히잇~와~ 나니 에게 달이 직접 찾아와 서빙했고,
‘ 나니가 스키 ’( 나니가  좋아해) 챌린지에 딱 맞춰서 
“입은 솔직하네” → 고백 같은 멘트 실토 인정?
달은 서빙하러 오고, 입은 본심 흘리고, 팬들은 정신 못 차리고..
둘이 왜 저러냐고?!! 우리 어쩌라고!! #SkyNani #สกายนานิ","#SkyNani,#สกายนาน",0,0,0,0,2025-06-03T11:59:38.000Z,https://x.com/madeskynani/status/1929870587838845020
사칠쨩하이나니가스키초코민또요리모햠스터,ㄹㅇ임? 아 니  난 이런거 보면 진짜 믿는다고 생활지식: 비전은 한국인이다.,,0,0,0,0,2025-05-27T01:01:53.000Z,https://x.com/04720665c/status/1927168346832674969
이치,"적소문 발동동 안올려줬으면 나 어떻개 살앗냐고!!!!
ㄴ  나니가 스키  보면서 쳐살앗겟지 ㅉ 나니가 스키  없었으면 우뜨케 살앗냐고!!!
ㄴ 드라마 ㅈㄴ게 돌려봣겟지

작품 없었으면!!!
ㄴ 노래 개쳐들었겟지",,0,0,0,0,2025-05-27T15:25:31.000Z,https://x.com/yiqi226/status/1927385688111997309
웅냐리-☆,나니가 스키  100점받는 여자 어떤데,,0,0,0,0,2025-06-03T10:49:32.000Z,https://x.com/godsun66443743/status/1929852948634653021
6청코양일/웅잉짱하이나니가스키초코민토요리모사짱초카와이웅웅웅웅웅웅웅웅웅잉후르,"그냥올릴래요.. 모두나의노 가 다를봐조
근데그건모르겠고지금학교늦었어요",,0,0,0,0,2025-06-03T23:16:47.000Z,https://x.com/JJellYFisH_326/status/1930041001017782395
냥코,나니가 스키,,0,0,0,0,2025-05-30T07:09:51.000Z,https://x.com/xxmllmx/status/1928348111337930861
늪지속멘헤라고스로리펑크룩바케모노,나 신인데  나니가 스키 도당했어 아 얌죽 미소녀천재이긴한데 이 기분은 뭐죠,,0,0,0,0,2025-05-28T09:55:05.000Z,https://x.com/comi_coon/status/1927664920453091449
㊶,"딸기왕국의왕자님 .
은셔쿠짱 나니가 스키 스트로베리요리모 아 나 따",,0,0,0,0,2025-06-02T08:01:26.000Z,https://x.com/js1jcs/status/1929448254917181463
로그,오타쿠의 나라에 가는 오타쿠똔개 얼마나 신나겠어ㅋㅋㅋㅋㅋㅋㅋ 둘이 신나 가 지고  나니가 스키  해달라 안해도 알아서 준비해올듯...,,0,0,0,0,2025-05-26T10:07:30.000Z,https://x.com/taberulogkub/status/1926943265577664862
사칠쨩하이나니가스키초코민또요리모햠스터,"나 이거 종류별로 샀는데
표지만 다르고 내용은 똑같아서 ㅈㄴ 실망함 문구점에 파는 손바닥만 한 오백 원짜리
책을 기억하시나요   x.com/runii22/status…",,0,0,0,0,2025-05-28T07:06:28.000Z,https://x.com/04720665c/status/1927622485941321856
시누용화,됐다!!!씨엔블루  나니가 스키  왔다!!!!!,,0,0,0,0,2025-06-01T12:21:59.000Z,https://x.com/sweetieYH/status/1929151439906955517
냐냐にゃにゃ,"나 수박 못 먹으니까 치우고, 사과도 별로 안 좋아하니까.. 과일 못 먹는거 많지 않아? 망고 포도 복숭아 말고 좋아하는 과일 없을지도 몰라. 그리고 키위 나니가 스키 ㅡ? ㅋ..방금 말했잖아요. 혹시 과일 이름을 모르시는 아 파인애플도 좋아. 배도 좋아하는거 많았네 의외로",,0,0,0,0,2025-05-26T17:11:00.000Z,https://x.com/nijinyann/status/1927049846193528881
6청코양일/웅잉짱하이나니가스키초코민토요리모사짱초카와이웅웅웅웅웅웅웅웅웅잉후르,"그러 니 까 저는 지금
머리는 더벅머리+금발인데 여우눈매에 상어이빨 그리고 턱 밑 점과 마른 몸을  가 진 안경을 쓴 호스트 자캐를 만들어야하는거죠? #트친들_취향으로_자캐_만들기 #트친들_취향으로_자캐_만들기 너무심심해서손그림으로라도....
근데 막 아저씨 떡대 이런거 나오면 어떡하지","#트친들_취향으로_자캐_만들기,#트친들_취향으로_자캐_만들기",0,0,0,0,2025-06-01T11:21:42.000Z,https://x.com/JJellYFisH_326/status/1929136268954210305
6청코양일/웅잉짱하이나니가스키초코민토요리모사짱초카와이웅웅웅웅웅웅웅웅웅잉후르,"사실.. 어제 캡컷으로 개노 가 다를 하나 더 했거든요?
근데 자캐고... 직접그린것도 아니고 그 뭐야 그 거 그거.. 있잖아요 순정그게뭐야그거할때쓰는캐릭터꾸미는앱. (( 가 챠맞습니다
그런허접한잼민이영상이여도봐주실건가요 안녕하세요다름이아니라
제가어제편집놀이를했다는사실입니다
사루카와케이를보십시오",,0,0,0,0,2025-06-03T23:04:11.000Z,https://x.com/JJellYFisH_326/status/1930037828299452669
꽃술:,"나: (디코 입장) 하~~이~~!
디코:  나니가 스키 ~x3
나: ?
나: 초코민토 요리모 아 나 타><
디코: 아ㅠ 귀가 힘들어졌어ㅠ",,0,0,0,0,2025-06-01T10:59:39.000Z,https://x.com/Hi_ma_Dearest/status/1929130718812078411
이가미발가락성애자히소카엉덩이이르미히소카전용무언가침인간발가락조르딕,"아니
하
이거ㅜ너무······ 내 안의 무언가를 자극함 ㄹㅇ걍개같이자극함
저거 이르미 팔뚝을 좀 봐 근육 없엇으면 걍 빼빼마른몸이라고 이런식으로 이르미 말랏다는걸 입증한다 이거지 하 그래 내 가 ㅜ걍주구장창먹어주마****
심지어저거머리흩날리는거너무개큰느좋개느졸레전드라서비명을  그리고저허",,0,0,0,0,2025-05-26T11:13:25.000Z,https://x.com/kil___r/status/1926959854624616627
꼬지,씨엔블루  나니가 스키  챌린지 이거 뭐죠 왤캐 무리했짘ㅋㅋㅋㅋㅋ,,0,0,0,0,2025-06-01T12:28:10.000Z,https://x.com/kkoji_yh/status/1929152994395705768
春,"이거 나야? 처음 트친소 열었을 때 3번째로 찾아와준 내 첫 반모자이자 정말정말 고마운게 많은
트친  흔쾌히 반모도 해주고
띠부실도 교환해주고 또 나랑 좋아하는
애들 중 겹치는 애들도 많아서 넘 기뻤음!! .핑꾸 공주님들 좋아하는 것 같은데 본인도 최애들 따라 엄청 귀여움",,0,0,0,0,2025-05-28T08:55:55.000Z,https://x.com/boooom_0515/status/1927650027658256533
센트,융경  나니가 스키  이후로 황당하고 충격적인 일은 없을 줄 알앟는ㄷㅔ..,,0,0,0,0,2025-05-28T13:18:20.000Z,https://x.com/0rfragranc3/status/1927716067763171460
잔,"원빈쨩~?
하이-! 나니가 스키 ~?
초코민또 요리모 아  나  타  250531  #원빈 #원빈 #은석 #은석 석과비니 얼레벌레 나니가스키 (;;","#원빈,#원빈,#은석,#은석",0,0,0,0,2025-05-31T01:19:22.000Z,https://x.com/W__JAN/status/1928622296698122456
𝗗𝗗,진짜 다각도에서 나오는  나니가 스키  너무 좋음,,0,0,0,0,2025-05-31T06:01:39.000Z,https://x.com/sungtaro_/status/1928693337722138862
사칠쨩하이나니가스키초코민또요리모햠스터,"너무 감동적이야!!!!!!!!!!!!!!!!!!!!!!!!!!!!!!!!!!!ㅠㅠㅠㅠㅠ 가나디 사건 :
셤기간이라 팝업 못가는 고3을 위해
엄마가 새벽 다섯시반부터 더현대 웨이팅을 해서
나에게 서프라이즈 선물을 준비해준 사건이다…… ",,0,0,0,0,2025-05-25T22:05:33.000Z,https://x.com/04720665c/status/1926761584119980470
말랑찹쌀똥강아지,"유행에 한발자국씩 늦는 드림 너무 기엽잔아….
드림 ver.  나니가 스키  왔댜 
다같이 해주니까 더 기엽네",,0,0,0,0,2025-05-25T13:48:01.000Z,https://x.com/malrangnana/status/1926636373013840340
탱자(냥이),"탱자쨘~
하이~ 나니가 스키 ~?",,0,0,0,0,2025-05-29T02:24:50.000Z,https://x.com/namul_e2/status/1927913995136086213
사칠쨩하이나니가스키초코민또요리모햠스터,하아...너무 귀여워서 흥분을 주체할수없음 저 발좀 봐.... 쌀알에 달린 손톱깎기 싫으시다는데 이럴땐 어찌 설득하나요   x.com/anotherbeni/st…,,0,0,0,0,2025-05-31T03:08:10.000Z,https://x.com/04720665c/status/1928649678524133719
사랑이,민제  나니가 스키,,0,0,0,0,2025-05-26T11:53:12.000Z,https://x.com/MJ1oveS2/status/1926969869263646993
촠숭일,히잘 재난문자와같은초코를탐라에심은친구듫근황,,0,0,0,0,2025-06-02T07:38:30.000Z,https://x.com/C12H22O11_nn/status/1929442483911483644
무엘,"나니가 스키  신민재송찬의 이거 뭐지?
뭐,뭐야?",,0,0,0,0,2025-06-04T09:08:27.000Z,https://x.com/rlagustn_/status/1930189899530952934
촠숭일,"@ 스프라이트에 레인보우 구슬아 넣어 먹으면
새콤달콤 마싯슴 ㅎㅎ 저번에 쿠우쿠우 가서 좆만한 그릇에 구슬아이스크림 담아먹고 잇엇는데 옆테이블 잼민이들이 콜라 따라마시는 존나 큰 컵에 구슬아이스크림 담아서 그냥 그대로 쳐마시는거 보고 너무 감명 받았었음 역시 배움에는 끝이 없구나",,0,0,0,0,2025-05-26T06:25:52.000Z,https://x.com/C12H22O11_nn/status/1926887491400794137
별이,헐 여러분 용빈님  나니가 스키 출처 : 댄서분 인스타,,0,0,0,0,2025-05-28T11:34:54.000Z,https://x.com/Shine_byeoli_29/status/1927690036914339868
가지볶음,수이짱~  나니가 스키 ?,,0,0,0,0,2025-05-27T12:09:53.000Z,https://x.com/gabokkeum/status/1927336453870100733
jenn,"나니가 스키 의  나니 와 나니 님의  나니가 진짜로 같은 히라가나를 쓴다는걸
알면서
이 챌린지에 뛰어들엇다는거죠 지금",,0,0,0,0,2025-06-03T10:21:35.000Z,https://x.com/fandeenaaa/status/1929845914900091309
삐ෆ,"석과비니  나니가 스키  너무 웃긴게
다른 멤버들 다 노래 부를 동안 
석과비니 영원히 하이~ 밖에 안함ㅠㅠ
은석 : 엉망진창이었습니다 .. 250531 석과비니 나니가스키 ♡  #은석 #은석 #EUNSEOK #EUNSEOK #RIIZE #RIIZE","#은석,#은석,#EUNSEOK,#EUNSEOK,#RIIZE,#RIIZE",0,0,0,0,2025-05-31T01:39:39.000Z,https://x.com/eunstone_319/status/1928627403997192435
참치마요,"솔지키 
융아문 - 그냥 크로스 스콜임 융은 별생각 없을것 같음 나니가 스키  - 이럴때 셀카 찍지 언제 찍냐 개웃기다",,0,0,0,0,2025-05-26T08:29:01.000Z,https://x.com/CCMY990/status/1926918481284403512
구구/우무무3주년,헬리쨩~ 하이!  나니가 스키 ~?  https:// /jungjae0821/status/1926642524082282840 …,,0,0,0,0,2025-05-26T01:26:37.000Z,https://x.com/gu_gu_0_o/status/1926812183284916626
ㅁi쁘 ⚝ MiB,"학교 일본어쌤
극초기에 니코니코니 들고오시더니
카와이쿠테고멘을 들고오시질 않나
오늘은  나니가 스키 를 들고오심
크게 소리내서 따라불러보재
죽을까",,0,0,0,0,2025-05-26T07:25:48.000Z,https://x.com/Mi_B_00/status/1926902576173240664
퀸동주,루비쨩 나니가 스키 날리 콜라보챌린지dance ⁠,,0,0,0,0,2025-05-30T15:16:16.000Z,https://x.com/queendongju01/status/1928470520858579046
삼이,"강민희  나니가 스키  챌린지
>하 이!< 하는 부분 ㄴㅁ잘살려

카메라 밖으로 팔 나갈 정도로 손 뻗음ㅋㅋㅋㅋㅋㅋ",,0,0,0,0,2025-05-28T14:31:47.000Z,https://x.com/tkatka_333/status/1927734551503048869
다라,호시노겐이 눈 딱 감고 하든 니세 가  썬글라스 쓰고 하든 눈앞이 검은색인 건 똑같은 거 아님? 앞으로  니 세로 할 거 그냥 다 눈 감은 호시노겐이 하죠??  나니가 스키 도 온갖 챌린지도 그냥 다 눈감고 틱톡에 올려 제발,,0,0,0,0,2025-06-01T13:29:05.000Z,https://x.com/dara_hsng/status/1929168326032318742
바츠˚,"더비쨩 ~~~ 하이  나니가 스키  간장게장 요리모 아나타 !!!!!
서누쨩 ~~~ 하이  나니가 스키  스토리베리&“&@@&9@&
더비쨩 ~~ 하이  ( 세수하러 감 )",,0,0,0,0,2025-05-30T14:23:42.000Z,https://x.com/1ikesun/status/1928457294552900013
ルビア,나니가 스키 ?????,,0,0,0,0,2025-05-30T09:59:51.000Z,https://x.com/ll_rubia/status/1928390893557494198
쇼달리,250531 음중 미팬 나니가 스키  첫번째 풀버젼 #라이즈 #RIIZE,"#라이즈,#RIIZE",1219,371,2,22906,2025-05-31T02:19:58.000Z,https://x.com/syodalli/status/1928637550287270314
ʚɞ,소희  나니가 스키  진심 ㅈㄴ 귀여워서 쓰러질거같ㅇㅓ    라 여러ㅓ분,,0,0,0,0,2025-05-31T14:14:05.000Z,https://x.com/mylittlekkikki/status/1928817259826368710
촛,"노무사 노무진 1화 시청률 4% 넘었어… 첫 화부터 너무 기특하고
무진스  나니가 스키 와 가까워짐///",,0,0,0,0,2025-05-31T01:12:57.000Z,https://x.com/1uck2N/status/1928620684676116785
ʚɞ,"250531 미팬  #소희 나니가 스키  챌린지 ㅠㅠㅠ
마지막은 브리즈로♡♡♡",#소희,0,0,0,0,2025-05-31T01:21:23.000Z,https://x.com/mylittlekkikki/status/1928622803315536245
실버채리,"저녁메뉴 추천 중!  이닝짱~~   하이!! 나니가 스키 ~~?  나마비루~ 이치란~  나마비루 ㅋㅋ 어..갑자기 나이데 가  확올라가네요 ----------
준태센스 가  진짜 준며든다 준며들어  근데 초코민트 보다는 나마비루와 이치란이지 ㅋㅋㅋㅋ #재준 #준태 #현엽 #인어미닛 #InAMinute","#재준,#준태,#현엽,#인어미닛,#InAMinute",47,15,3,1275,2025-06-04T09:45:15.000Z,https://x.com/h3sm05/status/1930199158457037155
아엘,"#LZ_ONAIR : 뚜뚜뚜릇 뚜뚜뚜릇 뚜뚜~뚜뚜뚜릇 탁! : 나 이번엔 박자 잘 맞춘거 같지 않아!? 나니가 스키  이후로 중독되었다는 노래..방종끝까지 부르고  가 심...
이런 거 전파하고 가지 마요...머릿속에서 루쌤버전으로 안 떠나....",#LZ_ONAIR,0,0,0,0,2025-06-03T16:48:25.000Z,https://x.com/dkdpf05/status/1929943266071588943
𝐟𝐢𝐧𝐞,250531  #원빈 #은석 ㄹㅈㄷ 얼레벌레  나니가 스키,"#원빈,#은석",0,0,0,0,2025-05-31T01:18:29.000Z,https://x.com/itzmyfineday/status/1928622073406230965
·,나니가 스키 ?,,0,0,0,0,2025-05-31T02:41:06.000Z,https://x.com/yougotoletgo/status/1928642867825705460
하하,"하하쨩~~~????
하입~~!!!!!!!!! 나니가 스키 ????
찬가쨘! 찬가쨘! 찬가쨘! 찬가쨘! 찬가쨘! 찬가쨘! 찬가쨘! 찬가쨘! 찬가쨘! 찬가쨘! 찬가쨘! 찬가쨘! 찬가쨘! 찬가쨘! 찬가쨘! 찬가쨘! 찬가쨘! 찬가쨘! 찬가쨘!!!!!!!!!!!!!!!!!!!!!!!! 하 님들 찬가 그릴거면 이런거 낋여주세요
저거 찬가가 울트라 정도 키 여서 지운건데 혹시?
그릴사람이 있다면! 저런거 그려주세요   x.com/haha07623/stat…",,0,0,0,0,2025-05-29T05:54:30.000Z,https://x.com/haha07623/status/1927966760386359559
나위,유짱~  나니가 스키 ?  초코민트 보다 메론빵보다 크로와상보다도 아나타,,0,0,0,0,2025-05-28T12:02:27.000Z,https://x.com/the_wemust/status/1927696973181677688
노우,"현암 : 루비쨔앙 하이~... 나니가 스키 ...

준후 : 형 일본어 할 줄 알아요?

현암 :아...아니..승희 가  알려줘서...흠...; (다시 개최악돌모드됨) 그리고 승희없을때 운전하다가 자기도모르게 흥얼흥얼거려서 준후가 형 그노래 어떻게알아요?;;이럼 (이이쟝같은 쇼츠로바이럴된 스레기노래여야함) x.com/o74066/status/…",,0,0,0,0,2025-06-02T03:39:56.000Z,https://x.com/nou1188/status/1929382446606553536
𝑺𝑯,오랜만에 서호 얼굴 보고 울었어 건강해 보여서 정말 다행이야!!  나니가 스키 의 발라드 버전도 불러줘서 정말 행복한 시간 고마워 서호야 항상 많이 사랑해,,0,0,0,0,2025-06-04T12:37:18.000Z,https://x.com/el_sh245/status/1930242455011541275
기옥,"제 가 아니면안됩니다진짜제발
기옥쨩   하잇  나 니가 스 키 초코 민 토  요리모 룩. 업

오타쿠쨩   하~이  나 니가  스 키 스트로베리 프레이바  요리모 신~스~케 사무라이쨩   하—이  나 니가  스 키 쿠키 앤드 크림  요리모 은. 혼.

신스케 룩업이 젤 기대돼요엄청기다렷어요진짜",,0,0,0,0,2025-05-29T03:18:04.000Z,https://x.com/0_0puon/status/1927927391730487312
sso.,"제 가 나니가 스키  이라이라 챌린지 보유팬이라니
감사합니다",,0,0,0,0,2025-05-27T14:19:21.000Z,https://x.com/Sso_041020/status/1927369033575170222
아지,나니가 스키 ~ (근데 이제 좀 많이 감미로운...-☆) #도하 #카즈타 #한준 #로렌스,"#도하,#카즈타,#한준,#로렌스",0,0,0,0,2025-05-31T09:08:59.000Z,https://x.com/927_puppy/status/1928740480637943841
Rahell,"호칭  나니가 스키  생각난다 어떡해 너무 웃김/// 제가 사실 조폭입니다 자기야
헐 곰스크림 너무 오랜만인데 지금도 제 옆에 있으실게요 
커헠 저 진입장벽이 높네요 벅벅슨
부러운점이 이상해요 비상사태 호칭 : 대부분 라헬쨘 ~~ 이라고 부르는 듯
호감도 : 95 
첫인상 : 조금 무섭게 생겼다?
현인상 : 응 내새꾸이자 내 여친
특징 : 곰스크림이 생각난다?
진입장벽 : 80
이 트친 부러운 점 : 그림을 개잘그린다
생각나는 캐릭터 : 윤채아
하고 싶은 말 : 웅 사랑해 ~~ x.com/Rahell6815/sta…",,0,0,0,0,2025-06-04T14:47:32.000Z,https://x.com/Rahell6815/status/1930275231924662690
403,"250528 ATB 후쿠오카  #의주 의주야~  나니가 스키 ~?
U.
?",#의주,0,0,0,0,2025-05-28T12:38:24.000Z,https://x.com/frthr43/status/1927706019976675698
믱,나니가 스키 ~?,,0,0,0,0,2025-05-25T13:31:23.000Z,https://x.com/muing3to3/status/1926632187438268624
𝙙𝙖𝙯𝙯𝙡𝙚,"신유짱~
하이.ᐟ.ᐟ.ᐟ 나니가 스키 ~?",,0,0,0,0,2025-05-27T02:55:12.000Z,https://x.com/dazzle_tws/status/1927196861435093073
성찬영 아카이브,"성찬영  나니가 스키  

250531 인스타 릴스",,0,0,0,0,2025-05-31T14:11:49.000Z,https://x.com/sung_chan_young/status/1928816692043317542
곰아지｡,나니가 스키  해찬이 너무 너무 깜찍하고 귀여움,,0,0,0,0,2025-05-25T13:19:51.000Z,https://x.com/MFAL__66/status/1926629284921168279
상고,"나니가 스키 개미친존나빡센변중위
Or
첫사랑드리프트변배우",,0,0,0,0,2025-05-29T14:24:09.000Z,https://x.com/gonikozone/status/1928095018562060788
계똥,킥플립  나니가 스키 v(◝▽◜)v #킥플립 #KickFlip,"#킥플립,#KickFlip",0,0,0,0,2025-05-27T01:44:14.000Z,https://x.com/burimsten/status/1927179002181042502
방주(𝗦𝗬𝗠𝗕𝗜0𝗧𝗘 ˢ𝗧𝗔𝗟𝗞𝗘𝗥),"심뵤짱
하이 나니가 스키 피터파커
요리모
에디 브 록",,0,0,0,0,2025-05-31T16:17:39.000Z,https://x.com/n0_ark/status/1928848356878532613
쭌제이_0926,20250531 일본팬미팅  재준  나니가 스키 #재준 #jaejun #Inaminute,"#재준,#jaejun,#Inaminute",0,0,0,0,2025-05-31T23:27:04.000Z,https://x.com/lsj_0926/status/1928956426245800192
R愛즈,"250531 음악중심 미니팬미팅 나니가 스키  연습게임도 있었어,,, #SUNGCHAN #SHOTARO #riize #음악중심 #음중 #미니팬미팅 #미팬 #성찬 #쇼타로 #라이즈 #성쇼 #ソンチャン #ショウタロウ #ソンタロ","#SUNGCHAN,#SHOTARO,#riize,#음악중심,#음중,#미니팬미팅,#미팬,#성찬,#쇼타로,#라이즈,#성쇼,#ソンチャン,#ショウタロウ,#ソンタロ",0,0,0,0,2025-06-02T19:00:52.000Z,https://x.com/wjdtjdcks0904/status/1929614207420715436
촠숭일,근데삿음 근데밤찌존나못샐겻어 ㅈㅅ,,0,0,0,0,2025-06-02T03:58:48.000Z,https://x.com/C12H22O11_nn/status/1929387196735213974
감감,"자캐씹덕이라는거 진짜 오타쿠의 극치인듯 
감히 오타쿠하면 루비짱하이 나니가 스키  떠옿리는 갓반인들이 범접할수웂는 영역인거같음",,0,0,0,0,2025-05-28T13:23:30.000Z,https://x.com/rakusene/status/1927717369138332093
슬기로운산생활ᵔεᵔ,나니가 스키  챌린지를 너무 하기 싫어해서 인스타스토리에 박제해버린 성화랑 윤호 ㅋㅋㅋㅋ 그냥 박제시키면 하더라구요 어쩔수없이,,0,0,0,0,2025-05-27T12:58:05.000Z,https://x.com/0710SANSAN/status/1927348586007674970
(pyop),"250525 CLOSER MOMENTS 팬미팅 2일차

이렇게 눈이 시끄러운  나니가 스키  챌린지는 처음봐요 #송승호 #서경배  두 분 말이에요 #SONGSEUNGHO #ソンスンホ #클유아 #CYE #클로즈유어아이즈 #CLOSEYOUREYES","#송승호,#서경배,#SONGSEUNGHO,#ソンスンホ,#클유아,#CYE,#클로즈유어아이즈,#CLOSEYOUREYES",0,0,0,0,2025-05-25T15:22:47.000Z,https://x.com/py0pee/status/1926660221872533565
다과회,루비쨔~앙!? 하ー이!  나니가 스키 ? 쵸코민토요리모아나콘다(어둠),,0,0,0,0,2025-06-04T11:24:35.000Z,https://x.com/appleanim49/status/1930224157876465976
나기,"고양이쨩~ 하이!!!!!!!!!! 나니가 스키 ~?
쿠료.쨩. 그리고 츄.르 - ! 고양이 자랑",,0,0,0,0,2025-05-29T02:05:19.000Z,https://x.com/nagi_cos_kr/status/1927909084113564134
ss,"유우쨩~
하이! 나니가 스키 ?
라면보다 리.꾸
  https:// us/1928815959768457706/video/1 …",,0,0,0,0,2025-05-31T15:20:07.000Z,https://x.com/kkS2yy/status/1928833880871538802
추추,나니가 스키,,0,0,0,0,2025-05-25T05:10:40.000Z,https://x.com/plv0_00_/status/1926506180836249816
일반,"넵 
그리기 귀찮
중혁쨩  나니가 스키 ?",,0,0,0,0,2025-05-30T15:53:55.000Z,https://x.com/1864ban_S2/status/1928479996848353617
Daphne,"토야쨩~?
\\하~이// 나니가 스키 ~?",,0,0,0,0,2025-05-30T15:37:57.000Z,https://x.com/daphne_2434/status/1928475980584112626
·,"아잠만
지천  나니가 스키  느낌 너무 좋잖아 ;;;;;",,0,0,0,0,2025-05-25T15:34:34.000Z,https://x.com/omgjtwinc/status/1926663188898087253
だよ〜ん,3RACHA~! 하잇! 나니가 스키 ~？,,0,0,0,0,2025-05-30T10:04:06.000Z,https://x.com/PICK_SASETE/status/1928391964363284638
시호 Siho,나니가 스키,,0,0,0,0,2025-05-27T15:02:23.000Z,https://x.com/pray_for_m2/status/1927379866812289035
뭐,"가쿠쨩~                                                하이.  나니가 스키 ~?            
                                              햄부기.",,0,0,0,0,2025-05-25T15:31:41.000Z,https://x.com/spam182_80/status/1926662462566252722
란,나니가 스키  12만에 방문하신 콘냐,,0,0,0,0,2025-06-03T04:53:56.000Z,https://x.com/choehyelan88506/status/1929763456959631437
미묭,"6청코 토욜 4번째 <밍나~ 나니가 스키 !?> 팀으로 무대합니다!  아쥬 귀여운 무대 보여드릴테 니  많이 보러와주세용 ㅎㅎ
일욜은 코믹초이스 무대도 합니다! 
직캠 환영 ",,0,0,0,0,2025-05-28T13:42:49.000Z,https://x.com/mimyung6018/status/1927722230533755392
중독자,ㅋㅋㅋ 융경  나니가 스키  투표 인증 용지,,0,0,0,0,2025-05-29T06:15:58.000Z,https://x.com/michin_n0m/status/1927972165242048645
풋귤,"아주 그냥 성민언니  나니가 스키 앨리스룩 죄수복도 럭드로 풀지 그러세요 𝐌𝐮𝐬𝐢𝐜𝐚𝐥 𝐇𝐚𝐭𝐬𝐡𝐞𝐩𝐬𝐮𝐭 #뮤지컬 #뮤지컬 #하트셉수트 #하트셉수트 파라오의 보물을 찾아서 안내

“네가 숨으면 내가 찾지”

진행 일시 | 6/3(화) ~ 6/6(금) 2시 공연
운영 장소 | MD 부스

※자세한 내용은 이미지를 통해 확인해 주시기 바랍니다.","#뮤지컬,#뮤지컬,#하트셉수트,#하트셉수트",0,0,0,0,2025-05-29T04:14:31.000Z,https://x.com/ppeonjil/status/1927941599725543567
맹,나니가 스키  챌린지  #원빈,#원빈,0,0,0,0,2025-05-31T14:10:38.000Z,https://x.com/BBeeni_/status/1928816394881114489
☀︎,나니가 스키  + 멜빵 해찬 미친 거 아니냐고요… ,,0,0,0,0,2025-05-25T14:05:32.000Z,https://x.com/haev1y/status/1926640784628941311
6청코양일/웅잉짱하이나니가스키초코민토요리모사짱초카와이웅웅웅웅웅웅웅웅웅잉후르,"너 무 기 여 엏 우리집개도저러는데....
집가서해줘야지♡ x.com/CRSM_REVERSAL/…",,0,0,0,0,2025-06-01T09:06:03.000Z,https://x.com/JJellYFisH_326/status/1929102132080169263
6청코양일/웅잉짱하이나니가스키초코민토요리모사짱초카와이웅웅웅웅웅웅웅웅웅잉후르,"어? 어헐대박그러네
엄마나심장이뛰어요 If they do second breaks in the new crsm de stage we will see rbb iori, shinjuu break and idol break..? ",,0,0,0,0,2025-06-01T05:02:14.000Z,https://x.com/JJellYFisH_326/status/1929040772986450088
서원,내 가  왜 식당에서  나니가 스키 를 들어야 하는걸까,,0,0,0,0,2025-05-31T03:47:04.000Z,https://x.com/west_1plan/status/1928659465932312917
초코보,나니가 스키,,0,0,0,0,2025-05-28T07:18:15.000Z,https://x.com/Scottish_Fold12/status/1927625450613862508
얌,"강혁재원  재원쨩~  하-이 나니가 스키 ?  초코민트 요리모 아나타  (쪼록)

양선생 병원 홍보라는 중차대한 명분 하에 챌린지 짬 맞음",,0,0,0,0,2025-05-26T04:12:29.000Z,https://x.com/ii_know2/status/1926853926344606204
양정원.zip,"나니가 스키  챌린지 트렌드에 너무 늦어서 할까말까 고민했는데 걍 햇써여..! < 냥무룩..but내가해냄 진짜로기특해요잘했어요 250522 엔하이픈 틱톡  #정원 #정원  
나니가스키 발라드 버전 컄ㅋㅋㅋ 엔하이픈특 유행 다 지나고 한박자 늦게 해주는데 
귀여워서 뒷북 용서하게 됨","#정원,#정원",0,0,0,0,2025-05-28T16:18:34.000Z,https://x.com/209zip/status/1927761423192527254
쿠마,"ㅋㅋㅋㅋㅋㅋㅋㅋㅋㅋㅋㅋㅋㅋ 아유무쨩 루비쨩
근데 이제  나니가 스키 ? 아니고  나니가 스키 !!!!!!!!!!!! บุหลันดั้นด้นมาเสิร์ฟแล้ว 1 เทคถ้วน555555",,0,0,0,0,2025-06-03T11:28:21.000Z,https://x.com/KUMA184180/status/1929862719026745580
톤또 아카이빙,"250531 나니가 스키 !!

@ / lovemicyou / mylittlekikki",,0,0,0,0,2025-05-31T01:52:24.000Z,https://x.com/td_archiveS2/status/1928630611771797976
유림,트친들  나니가 스키 ~?,,0,0,0,0,2025-06-03T04:34:24.000Z,https://x.com/luli496745/status/1929758542489440517
체다치즈볼,ㅈㅊ  나니가 스키  챌린지 왤케 잘함? 니네 수상한데 혹시 메이드야?,,0,0,0,0,2025-05-25T14:21:17.000Z,https://x.com/JC20121220/status/1926644745108938954
나리,엔시티 드림  나니가 스키  챌린지 ,,0,0,0,0,2025-05-25T13:14:29.000Z,https://x.com/nariO2O5/status/1926627935844188229
ｻﾗﾝ,"아니 아카기웬ㅋㅋㅋㅋ
웬짱~~  나니가 스키 ? 하는데
갑자기 다이키라이!! 하면서 싫어하능거말햇더니 요리모 뒤에도 너무 어이없어서 웃음
그냥 싫어하는거 말한사람댓잔아",,0,0,0,0,2025-05-30T09:35:36.000Z,https://x.com/kprangdan/status/1928384790509633903
막구야,마크  나니가 스키  CUT ,,0,0,0,0,2025-05-25T14:00:46.000Z,https://x.com/99leemark0802/status/1926639583028007360
여백,"오늘 도대체  나니가 스키 를
몇십번
보고잇는거야",,0,0,0,0,2025-05-31T16:01:51.000Z,https://x.com/_ses_pwb_/status/1928844383324967340
동베이따거(•̅_•̅),나니가 스키  드림버전 자꾸 보게된다 진심 매력 개쩐다 팬미 아니였으면 평생 못 봤을거라 생각하니ㅜ갑자기 몸이 부들부들 떨리고 유행느린 드림이 이제서야 말아주는바람에 다른 타돌팬들보다 빨리 못봤던 손해본 날들을 생각하니 화가나서 조회수로 혼쭐내고 싶고 그럼,,0,0,0,0,2025-05-26T06:53:27.000Z,https://x.com/tlqkfttorrl1004/status/1926894435020743012
사칠쨩하이나니가스키초코민또요리모햠스터,투표완,,0,0,0,0,2025-05-30T09:17:22.000Z,https://x.com/04720665c/status/1928380203052544059
𝘯𝘺𝘮𝘱𝘩𝘢𝘥𝘰𝘳𝘢 ;,250601  : 세현쨩~~~  나니가 스키 ? #데이 #DEY #유나이트 #YOUNITE,"#데이,#DEY,#유나이트,#YOUNITE",0,0,0,0,2025-06-03T04:20:59.000Z,https://x.com/nmphdr/status/1929755164891922640
ʚɞ,250531 미팬  #소희 나니가 스키  팰린지 리허설버전,#소희,0,0,0,0,2025-05-31T01:21:16.000Z,https://x.com/mylittlekkikki/status/1928622776384139621
duu,"250531 라이즈 음중 미니팬미팅

아진짜불미스러운일
라이즈  나니가 스키  챌린지도 소리 가  다 날라갓어요… #라이즈 #riize #앤톤","#라이즈,#riize,#앤톤",0,0,0,0,2025-05-31T02:49:18.000Z,https://x.com/duu0321/status/1928644928784961758
언제나준이,"250531 인어미닛 도쿄 팬미팅 1부

준태쨩~하이 나니가 스키 #준태 #JUNTAE #인어미닛 #InAminute","#준태,#JUNTAE,#인어미닛,#InAminute",0,0,0,0,2025-06-03T00:39:36.000Z,https://x.com/gom_0925/status/1929699454938239147
아따 :3,제노짱~ (하잇- )  나니가 스키  ~~~?  - 제노 cut ,,0,0,0,0,2025-05-25T13:20:53.000Z,https://x.com/sweet2jj/status/1926629546356326498
𝙯𝙚𝙧𝙤 𝙛𝙚𝙫𝙚𝙧,250531  나니가 스키  ~? 챌린지 드디어 왔ㄷ ㅏ… #RIIZE #라이즈 #ANTON #앤톤 #アントン,"#RIIZE,#라이즈,#ANTON,#앤톤,#アントン",0,0,0,0,2025-05-31T03:24:43.000Z,https://x.com/zerofever0321/status/1928653843648360884
𝑆𝐸𝑂𝐿𝑇𝑂𝑁,250531 나니가 스키 -? #쇼타로 #SHOTARO #ショウタロウ #将太郎 #RIIZE #라이즈,"#쇼타로,#SHOTARO,#ショウタロウ,#将太郎,#RIIZE,#라이즈",0,0,0,0,2025-05-31T19:05:08.000Z,https://x.com/seolton/status/1928890506941018148
맛동산,서수진  나니가 스키 #수진 #SOOJIN,"#수진,#SOOJIN",0,0,0,0,2025-05-26T11:04:47.000Z,https://x.com/Matdongsan_I/status/1926957681299836936
tune.,250531  나니가 스키  챌린지♡ #앤톤 #ANTON #라이즈 #RIIZE #アントン #찬영,"#앤톤,#ANTON,#라이즈,#RIIZE,#アントン,#찬영",0,0,0,0,2025-05-31T02:20:18.000Z,https://x.com/tune0321/status/1928637633141551284
나짱♡i,리쿠쨩~~♡ 나니가 스키 ~？,,0,0,0,0,2025-05-26T10:46:24.000Z,https://x.com/rikunotameni/status/1926953057205596254
언제나준이,"250531 인어미닛 도쿄 팬미팅 1부

현엽쨩~하이 나니가 스키 #현엽 #HYUNYEOP #인어미닛 #InAminute","#현엽,#HYUNYEOP,#인어미닛,#InAminute",0,0,0,0,2025-06-03T00:38:11.000Z,https://x.com/gom_0925/status/1929699096551710743
김안주,나니가 스키,,4,3,2,263,2025-05-28T07:20:49.000Z,https://x.com/villaindaze_2/status/1927626094460518670
·,나니가 스키 #은석 #원빈,"#은석,#원빈",0,0,0,0,2025-05-31T01:21:52.000Z,https://x.com/quoisyo/status/1928622927370478064
멜,나니가 스키  챌린지 젠성,,0,0,0,0,2025-05-25T13:25:49.000Z,https://x.com/_423205/status/1926630788734325090
ᴷᴴ흐어,나니가 스키  천러짱~,,0,0,0,0,2025-05-25T13:31:26.000Z,https://x.com/khhelele1122/status/1926632201375863121
참치마요의분노,"내가본 나니가 스키 중에 가장 나니가 스키 스러움
뭔소린지모르면그냥이해하려고하지말고받아들이면
데뷔10년차인데도불구하고얼굴지금1년차
다같이방부제드셧나개쌉오바 팬미끝나고쓸쓸하게
집 가 는도중에올려준거너무탁월한선택.멋진그룹.
드림최고야너무기뻐",,0,0,0,0,2025-05-25T13:53:24.000Z,https://x.com/meoseumii/status/1926637729535639771
해니미니,"이 의상이 쏘리 하트를 위한것도, 세대드를 위한것도 아닌  나니가 스키 를 위한 의상이 되었다는게 진심 개웃김",,0,0,0,0,2025-05-25T13:41:03.000Z,https://x.com/Heni_mini/status/1926634621724242204
돌넨 아카이브,250531 미니팬미팅 나니가 스키  정말 사랑스러운거랴,,0,0,0,0,2025-05-31T04:40:40.000Z,https://x.com/0319x0302/status/1928672956420354170
리시로,#Hr_ONAIR 하루짱~? 루히짱~? 남규짱~?  나니가 스키 ~~~~~~~~~~~?,#Hr_ONAIR,0,0,0,0,2025-06-03T12:57:52.000Z,https://x.com/Risiro_o/status/1929885246029476027
피요☘︎ピヨ,"푸바오쨩~!!
네에! 나니가 스키 ?
초코민트! 보다도 하.부.지♡",,0,0,0,0,2025-05-25T16:09:32.000Z,https://x.com/_S2_PIYO/status/1926671987427995896
초곡,나니가 스키,,0,0,0,0,2025-05-29T22:34:57.000Z,https://x.com/gimchogok/status/1928218535085416473
6청코양일/웅잉짱하이나니가스키초코민토요리모사짱초카와이웅웅웅웅웅웅웅웅웅잉후르,"아맞아
뭔 가  부족하다 싶으면
제사심잔뜩꾹꾹눌러담아서
완성할겁 니 다 #트친들_취향으로_자캐_만들기 #트친들_취향으로_자캐_만들기 너무심심해서손그림으로라도....
근데 막 아저씨 떡대 이런거 나오면 어떡하지","#트친들_취향으로_자캐_만들기,#트친들_취향으로_자캐_만들기",0,0,0,0,2025-06-01T09:16:01.000Z,https://x.com/JJellYFisH_326/status/1929104640559157293
엔,"아니 아무래도 전설의  나니가 스키 에 대한 뜨거운반응 이후 배우들이 웃기고싶다<<는 마음을 좀 강하게 가지게 되신거같애 ( 특히어떤분의고삐 가  풀리신듯해요..) 
만약 그 매진공약이 없었다면...
모든 건 달라졌을까...",,0,0,0,0,2025-05-28T13:29:32.000Z,https://x.com/ggxww0301/status/1927718885979050162
사칠쨩하이나니가스키초코민또요리모햠스터,와 1번 개처비싼 파우치모양 엄마 가  사줘서 소중하게 들고다녓는데 그때 나 포함 반 애들 다 이런 필통씀   x.com/runii22/status…,,0,0,0,0,2025-05-27T09:55:51.000Z,https://x.com/04720665c/status/1927302722971128175
6청코양일/웅잉짱하이나니가스키초코민토요리모사짱초카와이웅웅웅웅웅웅웅웅웅잉후르,"근데 제 가  반말을 잘 못?해서? 존댓말쓸수도있어요
그럼 냅다저한테반말을해주세요
그러면저도 ㅇㅋ리카이했습니다
하고 자연스럽게? 반말할겁니다 아마 #반모버스 #반모버스 늦기전에어서타세요
일단전늦었어요 ((학교를","#반모버스,#반모버스",0,0,0,0,2025-06-01T04:54:04.000Z,https://x.com/JJellYFisH_326/status/1929038716456034517
At.,250531 음중 미니팬미팅  #원빈 #WONBIN #은석 #라이즈 석과비니  나니가 스키,"#원빈,#WONBIN,#은석,#라이즈",0,0,0,0,2025-05-31T02:00:15.000Z,https://x.com/atbinnie/status/1928632586676715786
미화꾼,그니까 민재짱  나니가 스키 가  공식이라고?????,,0,0,0,0,2025-06-04T09:18:16.000Z,https://x.com/Neverlose_LG/status/1930192366465626368
그레이스,ㅋㅋㅋㅋㅋ씨엔블루 가  말아주는  나니가 스키  기다리고 있었는데!! 드디어  아 근데 왜케 잘햌ㅋㅋㅋㅋㅋㅋ 너무 ㄱㅇㅇ 씨엔블루 나니가스키,,0,0,0,0,2025-06-01T12:35:48.000Z,https://x.com/grace_jyh622/status/1929154916435537974
